customer_id,campaign_date,campaign_name,channel,response,conversion,campaign_cost,attributed_revenue,days_to_conversion,campaign_sequence,is_first_touch,is_last_touch,time_decay_weight,position_weight,time_decay_attributed_revenue,position_based_attributed_revenue
CUST_0450,2022-03-30,Archive_Upgrade_Campaign,Phone,Clicked,true,495,0,159,1,true,false,0.05,0.4,0.0,0.0
CUST_0181,2022-02-03,Archive_Upgrade_Campaign,Direct Mail,Clicked,false,483,0,205,1,true,true,0.05,0.4,0.0,0.0
CUST_0327,2022-07-03,Archive_Upgrade_Campaign,Webinar,Clicked,true,353,0,187,1,true,true,0.05,0.4,0.0,0.0
CUST_0164,2023-03-18,Archive_Upgrade_Campaign,Phone,Opened,false,95,0,255,1,true,true,0.05,0.4,0.0,0.0
CUST_0213,2022-03-30,Archive_Upgrade_Campaign,Email,Opened,false,54,0,322,1,true,true,0.05,0.4,0.0,0.0
CUST_0371,2022-04-08,Archive_Upgrade_Campaign,Phone,Clicked,false,169,0,30,1,true,false,0.3,0.4,0.0,0.0
CUST_0279,2022-04-16,Archive_Upgrade_Campaign,LinkedIn,No Response,false,81,0,174,1,true,false,0.05,0.4,0.0,0.0
CUST_0047,2022-05-16,Archive_Upgrade_Campaign,Email,Clicked,true,176,0,112,1,true,true,0.05,0.4,0.0,0.0
CUST_0346,2022-04-16,Archive_Upgrade_Campaign,Direct Mail,No Response,false,186,0,283,1,true,true,0.05,0.4,0.0,0.0
CUST_0198,2022-08-31,Archive_Upgrade_Campaign,Phone,Registered,true,500,0,131,1,true,true,0.05,0.4,0.0,0.0
CUST_0238,2022-05-14,Archive_Upgrade_Campaign,Email,Opened,false,381,0,210,1,true,true,0.05,0.4,0.0,0.0
CUST_0189,2022-10-27,Archive_Upgrade_Campaign,Direct Mail,Clicked,false,472,0,193,1,true,false,0.05,0.4,0.0,0.0
CUST_0055,2022-01-23,Archive_Upgrade_Campaign,Phone,Clicked,false,223,3580,362,1,true,false,0.05,0.4,179.0,1432.0
CUST_0444,2022-07-03,Archive_Upgrade_Campaign,Webinar,No Response,true,52,604,165,1,true,false,0.05,0.4,30.200000000000003,241.60000000000002
CUST_0243,2023-01-11,Archive_Upgrade_Campaign,Email,Clicked,false,64,0,201,1,true,true,0.05,0.4,0.0,0.0
CUST_0253,2023-05-13,Archive_Upgrade_Campaign,Email,Opened,false,239,0,143,1,true,false,0.05,0.4,0.0,0.0
CUST_0390,2022-05-06,Archive_Upgrade_Campaign,Phone,Clicked,false,423,0,207,1,true,false,0.05,0.4,0.0,0.0
CUST_0491,2023-02-12,Archive_Upgrade_Campaign,LinkedIn,Registered,true,69,0,286,2,false,true,0.05,0.4,0.0,0.0
CUST_0448,2023-03-28,Archive_Upgrade_Campaign,Direct Mail,Registered,false,81,0,273,2,false,false,0.05,0.2,0.0,0.0
CUST_0139,2023-04-29,Archive_Upgrade_Campaign,Phone,Opened,false,381,0,3,2,false,true,0.5,0.4,0.0,0.0
CUST_0250,2022-06-18,Archive_Upgrade_Campaign,Phone,Clicked,false,432,0,356,2,false,false,0.05,0.2,0.0,0.0
CUST_0296,2024-01-02,Archive_Upgrade_Campaign,Email,No Response,false,362,0,54,2,false,true,0.15,0.4,0.0,0.0
CUST_0152,2022-12-22,Archive_Upgrade_Campaign,Email,Opened,false,114,0,245,2,false,true,0.05,0.4,0.0,0.0
CUST_0125,2023-07-04,Archive_Upgrade_Campaign,Webinar,No Response,true,285,0,119,2,false,true,0.05,0.4,0.0,0.0
CUST_0073,2022-05-24,Archive_Upgrade_Campaign,LinkedIn,Opened,false,178,0,318,2,false,false,0.05,0.2,0.0,0.0
CUST_0146,2023-01-20,Archive_Upgrade_Campaign,Direct Mail,Opened,false,305,0,118,2,false,true,0.05,0.4,0.0,0.0
CUST_0419,2022-06-12,Archive_Upgrade_Campaign,Direct Mail,Opened,false,397,0,254,2,false,false,0.05,0.2,0.0,0.0
CUST_0006,2022-07-05,Archive_Upgrade_Campaign,LinkedIn,Registered,false,147,0,169,2,false,true,0.05,0.4,0.0,0.0
CUST_0273,2023-07-11,Archive_Upgrade_Campaign,Direct Mail,Opened,false,262,0,4,2,false,true,0.5,0.4,0.0,0.0
CUST_0044,2023-07-20,Archive_Upgrade_Campaign,Email,Registered,true,329,0,31,2,false,true,0.15,0.4,0.0,0.0
CUST_0201,2023-02-24,Archive_Upgrade_Campaign,Phone,Clicked,false,302,0,149,2,false,true,0.05,0.4,0.0,0.0
CUST_0169,2023-05-31,Archive_Upgrade_Campaign,Email,Opened,false,325,0,215,3,false,true,0.05,0.4,0.0,0.0
CUST_0074,2022-05-28,Archive_Upgrade_Campaign,Direct Mail,Clicked,false,196,0,175,3,false,false,0.05,0.1,0.0,0.0
CUST_0270,2022-07-21,Archive_Upgrade_Campaign,Direct Mail,Registered,false,173,0,277,3,false,false,0.05,0.1,0.0,0.0
CUST_0277,2024-01-19,Archive_Upgrade_Campaign,Email,Opened,false,215,0,14,4,false,true,0.3,0.4,0.0,0.0
CUST_0128,2022-01-06,Email_Security_Webinar_Series,Webinar,Clicked,false,135,0,99,1,true,true,0.05,0.4,0.0,0.0
CUST_0271,2022-11-19,Email_Security_Webinar_Series,Email,Opened,false,354,0,227,1,true,true,0.05,0.4,0.0,0.0
CUST_0340,2023-05-04,Email_Security_Webinar_Series,Phone,Registered,false,446,0,90,1,true,true,0.15,0.4,0.0,0.0
CUST_0381,2022-08-21,Email_Security_Webinar_Series,LinkedIn,Opened,false,150,0,282,1,true,true,0.05,0.4,0.0,0.0
CUST_0146,2022-12-04,Email_Security_Webinar_Series,Direct Mail,No Response,false,259,0,165,1,true,false,0.05,0.4,0.0,0.0
CUST_0052,2022-10-16,Email_Security_Webinar_Series,Direct Mail,No Response,true,388,4697,234,1,true,true,0.05,0.4,234.85000000000002,1878.8000000000002
CUST_0217,2022-04-28,Email_Security_Webinar_Series,Direct Mail,Clicked,false,497,0,304,1,true,true,0.05,0.4,0.0,0.0
CUST_0422,2022-05-28,Email_Security_Webinar_Series,Email,Registered,true,382,0,28,1,true,true,0.3,0.4,0.0,0.0
CUST_0092,2023-07-27,Email_Security_Webinar_Series,Phone,Opened,true,491,2685,188,1,true,false,0.05,0.4,134.25,1074.0
CUST_0101,2022-07-09,Email_Security_Webinar_Series,Direct Mail,Opened,false,88,0,257,1,true,true,0.05,0.4,0.0,0.0
CUST_0272,2022-07-11,Email_Security_Webinar_Series,Direct Mail,No Response,false,404,0,186,1,true,true,0.05,0.4,0.0,0.0
CUST_0009,2022-03-12,Email_Security_Webinar_Series,Webinar,No Response,false,289,0,338,1,true,true,0.05,0.4,0.0,0.0
CUST_0108,2023-10-19,Email_Security_Webinar_Series,LinkedIn,No Response,false,382,0,92,1,true,true,0.05,0.4,0.0,0.0
CUST_0033,2022-07-11,Email_Security_Webinar_Series,Phone,Clicked,false,478,861,84,1,true,true,0.15,0.4,129.15,344.40000000000003
CUST_0364,2023-09-29,Email_Security_Webinar_Series,Email,Registered,false,312,0,129,1,true,true,0.05,0.4,0.0,0.0
CUST_0319,2022-03-17,Email_Security_Webinar_Series,Email,Clicked,false,134,0,81,1,true,true,0.15,0.4,0.0,0.0
CUST_0068,2022-06-04,Email_Security_Webinar_Series,Direct Mail,Opened,false,396,0,143,1,true,false,0.05,0.4,0.0,0.0
CUST_0325,2022-07-04,Email_Security_Webinar_Series,Email,Registered,false,210,0,53,1,true,false,0.15,0.4,0.0,0.0
CUST_0418,2022-07-08,Email_Security_Webinar_Series,Email,Opened,false,437,40,83,1,true,false,0.15,0.4,6.0,16.0
CUST_0038,2022-05-23,Email_Security_Webinar_Series,LinkedIn,Clicked,false,195,0,37,2,false,true,0.15,0.4,0.0,0.0
CUST_0371,2022-04-25,Email_Security_Webinar_Series,Webinar,Opened,false,108,0,13,2,false,true,0.3,0.4,0.0,0.0
CUST_0008,2023-03-07,Email_Security_Webinar_Series,Email,Opened,false,379,0,58,2,false,true,0.15,0.4,0.0,0.0
CUST_0239,2022-08-16,Email_Security_Webinar_Series,Direct Mail,Registered,false,413,0,45,2,false,false,0.15,0.2,0.0,0.0
CUST_0117,2023-01-08,Email_Security_Webinar_Series,Webinar,Registered,false,203,0,185,2,false,true,0.05,0.4,0.0,0.0
CUST_0175,2022-11-25,Email_Security_Webinar_Series,Direct Mail,Opened,false,199,0,272,3,false,true,0.05,0.4,0.0,0.0
CUST_0373,2022-11-09,Email_Security_Webinar_Series,LinkedIn,No Response,false,268,0,41,3,false,true,0.15,0.4,0.0,0.0
CUST_0085,2023-01-26,Email_Security_Webinar_Series,Direct Mail,Clicked,false,123,0,2,3,false,true,0.5,0.4,0.0,0.0
CUST_0443,2022-09-18,Email_Security_Webinar_Series,Webinar,Clicked,false,132,0,198,3,false,true,0.05,0.4,0.0,0.0
CUST_0064,2023-06-21,Email_Security_Webinar_Series,Webinar,Opened,false,377,0,95,3,false,false,0.05,0.1,0.0,0.0
CUST_0444,2022-12-15,Email_Security_Webinar_Series,Phone,Clicked,false,76,0,0,3,false,true,0.5,0.4,0.0,0.0
CUST_0065,2023-12-04,Email_Security_Webinar_Series,Email,Opened,false,89,0,60,3,false,true,0.15,0.4,0.0,0.0
CUST_0397,2023-04-02,Email_Security_Webinar_Series,LinkedIn,Opened,false,301,0,316,4,false,true,0.05,0.4,0.0,0.0
CUST_0244,2022-06-04,New_Customer_Onboarding,Direct Mail,Registered,false,360,0,183,1,true,true,0.05,0.4,0.0,0.0
CUST_0352,2022-11-19,New_Customer_Onboarding,Direct Mail,No Response,false,226,1918,235,1,true,true,0.05,0.4,95.9,767.2
CUST_0233,2023-05-16,New_Customer_Onboarding,Phone,Opened,false,380,0,153,1,true,true,0.05,0.4,0.0,0.0
CUST_0434,2022-07-26,New_Customer_Onboarding,Email,No Response,false,69,0,49,1,true,true,0.15,0.4,0.0,0.0
CUST_0288,2022-06-01,New_Customer_Onboarding,Direct Mail,Opened,false,335,0,209,1,true,true,0.05,0.4,0.0,0.0
CUST_0302,2022-09-07,New_Customer_Onboarding,Webinar,Clicked,true,194,0,295,1,true,true,0.05,0.4,0.0,0.0
CUST_0004,2022-06-12,New_Customer_Onboarding,Direct Mail,Clicked,false,197,0,248,1,true,true,0.05,0.4,0.0,0.0
CUST_0424,2022-04-17,New_Customer_Onboarding,Phone,Opened,true,406,0,241,1,true,true,0.05,0.4,0.0,0.0
CUST_0040,2022-07-03,New_Customer_Onboarding,Direct Mail,Clicked,false,236,0,87,1,true,true,0.15,0.4,0.0,0.0
CUST_0024,2022-01-09,New_Customer_Onboarding,Phone,Opened,false,196,0,236,1,true,true,0.05,0.4,0.0,0.0
CUST_0158,2023-02-24,New_Customer_Onboarding,LinkedIn,Registered,false,209,0,23,1,true,true,0.3,0.4,0.0,0.0
CUST_0337,2023-02-11,New_Customer_Onboarding,Phone,Opened,false,238,0,178,1,true,true,0.05,0.4,0.0,0.0
CUST_0331,2022-01-01,New_Customer_Onboarding,Direct Mail,Clicked,false,161,0,259,1,true,true,0.05,0.4,0.0,0.0
CUST_0135,2023-06-07,New_Customer_Onboarding,Email,Opened,false,483,3111,233,1,true,true,0.05,0.4,155.55,1244.4
CUST_0432,2023-10-05,New_Customer_Onboarding,Phone,Opened,false,326,2630,60,1,true,true,0.15,0.4,394.5,1052.0
CUST_0030,2022-03-13,New_Customer_Onboarding,LinkedIn,Clicked,false,427,0,160,1,true,true,0.05,0.4,0.0,0.0
CUST_0214,2022-07-19,New_Customer_Onboarding,LinkedIn,Clicked,true,384,0,225,1,true,true,0.05,0.4,0.0,0.0
CUST_0384,2022-11-12,New_Customer_Onboarding,Direct Mail,Opened,true,327,0,183,1,true,true,0.05,0.4,0.0,0.0
CUST_0438,2022-12-02,New_Customer_Onboarding,Phone,Opened,false,116,0,90,2,false,true,0.15,0.4,0.0,0.0
CUST_0379,2022-07-18,New_Customer_Onboarding,LinkedIn,Opened,false,345,0,336,2,false,false,0.05,0.2,0.0,0.0
CUST_0197,2022-10-20,New_Customer_Onboarding,Email,Opened,false,338,0,193,2,false,true,0.05,0.4,0.0,0.0
CUST_0486,2023-03-10,New_Customer_Onboarding,Phone,Clicked,false,190,0,111,2,false,true,0.05,0.4,0.0,0.0
CUST_0124,2022-11-11,New_Customer_Onboarding,Webinar,Opened,false,485,0,277,2,false,false,0.05,0.2,0.0,0.0
CUST_0055,2022-03-23,New_Customer_Onboarding,Phone,Opened,false,195,0,303,2,false,true,0.05,0.4,0.0,0.0
CUST_0363,2023-05-25,New_Customer_Onboarding,Phone,Opened,false,94,115,12,2,false,true,0.3,0.4,34.5,46.0
CUST_0208,2022-05-15,New_Customer_Onboarding,LinkedIn,Registered,false,191,1506,343,2,false,true,0.05,0.4,75.3,602.4
CUST_0175,2022-10-12,New_Customer_Onboarding,LinkedIn,Clicked,true,127,0,316,2,false,false,0.05,0.2,0.0,0.0
CUST_0305,2023-08-05,New_Customer_Onboarding,Phone,Opened,false,126,0,29,3,false,true,0.3,0.4,0.0,0.0
CUST_0419,2023-01-28,New_Customer_Onboarding,Direct Mail,Opened,true,397,0,24,3,false,true,0.3,0.4,0.0,0.0
CUST_0064,2023-09-18,New_Customer_Onboarding,Email,Opened,false,357,0,6,4,false,true,0.5,0.4,0.0,0.0
CUST_0137,2022-12-02,New_Customer_Onboarding,Email,Opened,false,466,0,114,4,false,true,0.05,0.4,0.0,0.0
CUST_0259,2023-07-27,New_Customer_Onboarding,Phone,Clicked,false,86,0,102,4,false,true,0.05,0.4,0.0,0.0
CUST_0173,2022-10-18,Q1_2024_Security_Awareness,Direct Mail,Opened,true,257,4306,6,1,true,true,0.5,0.4,2153.0,1722.4
CUST_0197,2022-08-09,Q1_2024_Security_Awareness,LinkedIn,Opened,true,423,0,265,1,true,false,0.05,0.4,0.0,0.0
CUST_0221,2022-11-06,Q1_2024_Security_Awareness,Webinar,Clicked,false,158,957,307,1,true,true,0.05,0.4,47.85,382.8
CUST_0256,2022-06-19,Q1_2024_Security_Awareness,LinkedIn,Registered,true,278,0,62,1,true,true,0.15,0.4,0.0,0.0
CUST_0365,2022-03-17,Q1_2024_Security_Awareness,Webinar,Opened,false,131,0,275,1,true,false,0.05,0.4,0.0,0.0
CUST_0127,2023-06-12,Q1_2024_Security_Awareness,LinkedIn,Clicked,true,66,0,135,1,true,true,0.05,0.4,0.0,0.0
CUST_0083,2023-11-08,Q1_2024_Security_Awareness,LinkedIn,Opened,false,436,0,87,1,true,true,0.15,0.4,0.0,0.0
CUST_0131,2022-12-19,Q1_2024_Security_Awareness,LinkedIn,Opened,false,420,0,191,1,true,true,0.05,0.4,0.0,0.0
CUST_0489,2023-05-26,Q1_2024_Security_Awareness,LinkedIn,Clicked,false,499,0,147,1,true,true,0.05,0.4,0.0,0.0
CUST_0037,2023-04-17,Q1_2024_Security_Awareness,Webinar,Clicked,true,389,0,204,2,false,false,0.05,0.2,0.0,0.0
CUST_0252,2023-03-04,Q1_2024_Security_Awareness,Phone,Clicked,true,416,0,331,2,false,false,0.05,0.2,0.0,0.0
CUST_0368,2022-10-16,Q1_2024_Security_Awareness,Webinar,Opened,false,303,0,124,2,false,true,0.05,0.4,0.0,0.0
CUST_0065,2023-08-08,Q1_2024_Security_Awareness,Phone,Opened,false,385,0,178,2,false,false,0.05,0.2,0.0,0.0
CUST_0418,2022-08-17,Q1_2024_Security_Awareness,Direct Mail,Clicked,false,402,0,43,2,false,true,0.15,0.4,0.0,0.0
CUST_0226,2023-03-19,Q1_2024_Security_Awareness,Webinar,Opened,false,134,0,16,2,false,true,0.3,0.4,0.0,0.0
CUST_0032,2023-09-17,Q1_2024_Security_Awareness,LinkedIn,No Response,true,473,0,7,2,false,true,0.5,0.4,0.0,0.0
CUST_0423,2023-03-20,Q1_2024_Security_Awareness,Email,Clicked,false,400,0,45,2,false,true,0.15,0.4,0.0,0.0
CUST_0137,2022-06-21,Q1_2024_Security_Awareness,Webinar,Opened,false,223,0,278,2,false,false,0.05,0.2,0.0,0.0
CUST_0408,2022-12-08,Q1_2024_Security_Awareness,Webinar,No Response,false,301,0,45,2,false,true,0.15,0.4,0.0,0.0
CUST_0005,2023-02-08,Q1_2024_Security_Awareness,Phone,Opened,false,240,0,158,2,false,true,0.05,0.4,0.0,0.0
CUST_0334,2022-11-12,Q1_2024_Security_Awareness,Phone,Opened,false,468,0,307,2,false,true,0.05,0.4,0.0,0.0
CUST_0379,2022-12-13,Q1_2024_Security_Awareness,Email,Clicked,false,363,0,188,3,false,true,0.05,0.4,0.0,0.0
CUST_0074,2022-06-09,Q1_2024_Security_Awareness,Webinar,Clicked,false,404,349,163,4,false,true,0.05,0.4,17.45,139.6
CUST_0074,2022-03-19,Q2_2024_Feature_Launch,Direct Mail,No Response,false,407,2033,245,1,true,false,0.05,0.4,101.65,813.2
CUST_0016,2022-03-06,Q2_2024_Feature_Launch,Webinar,No Response,false,447,0,131,1,true,true,0.05,0.4,0.0,0.0
CUST_0295,2022-03-10,Q2_2024_Feature_Launch,Direct Mail,Opened,false,423,0,15,1,true,true,0.3,0.4,0.0,0.0
CUST_0103,2023-02-17,Q2_2024_Feature_Launch,Webinar,No Response,false,492,0,46,1,true,true,0.15,0.4,0.0,0.0
CUST_0400,2022-09-01,Q2_2024_Feature_Launch,Email,Clicked,false,477,0,41,1,true,true,0.15,0.4,0.0,0.0
CUST_0320,2022-12-01,Q2_2024_Feature_Launch,Webinar,Opened,false,142,0,154,1,true,true,0.05,0.4,0.0,0.0
CUST_0438,2022-09-10,Q2_2024_Feature_Launch,Email,Registered,false,308,0,173,1,true,false,0.05,0.4,0.0,0.0
CUST_0151,2022-03-01,Q2_2024_Feature_Launch,Phone,Clicked,false,62,0,187,1,true,true,0.05,0.4,0.0,0.0
CUST_0308,2023-11-03,Q2_2024_Feature_Launch,Email,Registered,false,226,1375,41,1,true,true,0.15,0.4,206.25,550.0
CUST_0394,2023-02-10,Q2_2024_Feature_Launch,Email,Opened,true,422,0,343,1,true,false,0.05,0.4,0.0,0.0
CUST_0391,2022-10-27,Q2_2024_Feature_Launch,Email,Clicked,true,153,0,175,1,true,true,0.05,0.4,0.0,0.0
CUST_0363,2022-11-26,Q2_2024_Feature_Launch,Webinar,Clicked,false,344,0,192,1,true,false,0.05,0.4,0.0,0.0
CUST_0456,2023-04-06,Q2_2024_Feature_Launch,LinkedIn,Opened,false,469,4161,198,1,true,true,0.05,0.4,208.05,1664.4
CUST_0459,2023-09-21,Q2_2024_Feature_Launch,Direct Mail,Clicked,false,133,0,5,1,true,true,0.5,0.4,0.0,0.0
CUST_0227,2023-04-07,Q2_2024_Feature_Launch,Phone,Opened,false,94,183,184,1,true,true,0.05,0.4,9.15,73.2
CUST_0100,2022-01-10,Q2_2024_Feature_Launch,Webinar,Clicked,false,499,385,365,1,true,false,0.05,0.4,19.25,154.0
CUST_0239,2022-08-11,Q2_2024_Feature_Launch,LinkedIn,Opened,true,249,0,50,1,true,false,0.15,0.4,0.0,0.0
CUST_0376,2022-03-02,Q2_2024_Feature_Launch,Phone,Clicked,true,138,3599,253,1,true,true,0.05,0.4,179.95000000000002,1439.6000000000001
CUST_0349,2022-03-07,Q2_2024_Feature_Launch,Email,No Response,false,463,0,13,1,true,true,0.3,0.4,0.0,0.0
CUST_0500,2023-04-10,Q2_2024_Feature_Launch,Webinar,Clicked,true,332,0,248,1,true,true,0.05,0.4,0.0,0.0
CUST_0454,2022-01-01,Q2_2024_Feature_Launch,Direct Mail,No Response,true,182,0,299,1,true,true,0.05,0.4,0.0,0.0
CUST_0085,2022-12-12,Q2_2024_Feature_Launch,Phone,No Response,false,209,0,47,1,true,false,0.15,0.4,0.0,0.0
CUST_0087,2023-03-22,Q2_2024_Feature_Launch,LinkedIn,Opened,false,303,0,37,1,true,true,0.15,0.4,0.0,0.0
CUST_0495,2022-07-25,Q2_2024_Feature_Launch,LinkedIn,Clicked,false,359,0,239,1,true,true,0.05,0.4,0.0,0.0
CUST_0041,2022-03-04,Q2_2024_Feature_Launch,Direct Mail,Clicked,false,500,3749,269,1,true,false,0.05,0.4,187.45000000000002,1499.6000000000001
CUST_0392,2023-11-10,Q2_2024_Feature_Launch,Email,No Response,true,157,78,35,2,false,true,0.15,0.4,11.7,31.200000000000003
CUST_0122,2023-06-19,Q2_2024_Feature_Launch,LinkedIn,Clicked,false,182,0,89,2,false,true,0.15,0.4,0.0,0.0
CUST_0286,2023-01-06,Q2_2024_Feature_Launch,LinkedIn,Opened,false,110,0,125,2,false,true,0.05,0.4,0.0,0.0
CUST_0171,2023-07-12,Q2_2024_Feature_Launch,Email,Opened,true,296,0,164,2,false,true,0.05,0.4,0.0,0.0
CUST_0311,2023-01-27,Q2_2024_Feature_Launch,Direct Mail,Registered,false,492,0,273,2,false,true,0.05,0.4,0.0,0.0
CUST_0245,2023-07-14,Q2_2024_Feature_Launch,Email,Opened,false,202,0,184,2,false,true,0.05,0.4,0.0,0.0
CUST_0163,2023-02-24,Q2_2024_Feature_Launch,LinkedIn,Opened,false,478,0,101,2,false,true,0.05,0.4,0.0,0.0
CUST_0061,2022-12-05,Q2_2024_Feature_Launch,LinkedIn,Opened,false,422,0,81,3,false,true,0.15,0.4,0.0,0.0
CUST_0183,2023-04-01,Q2_2024_Feature_Launch,Webinar,Opened,false,82,0,238,3,false,true,0.05,0.4,0.0,0.0
CUST_0286,2022-11-09,Q3_2024_Compliance_Focus,Webinar,No Response,false,145,0,183,1,true,false,0.05,0.4,0.0,0.0
CUST_0119,2022-06-26,Q3_2024_Compliance_Focus,Direct Mail,No Response,false,181,0,185,1,true,true,0.05,0.4,0.0,0.0
CUST_0106,2022-11-18,Q3_2024_Compliance_Focus,Email,Opened,false,478,0,137,1,true,true,0.05,0.4,0.0,0.0
CUST_0297,2023-10-01,Q3_2024_Compliance_Focus,Webinar,Opened,true,141,0,121,1,true,true,0.05,0.4,0.0,0.0
CUST_0062,2022-07-25,Q3_2024_Compliance_Focus,LinkedIn,Opened,false,143,0,228,1,true,false,0.05,0.4,0.0,0.0
CUST_0220,2022-07-27,Q3_2024_Compliance_Focus,LinkedIn,Clicked,false,445,0,153,1,true,true,0.05,0.4,0.0,0.0
CUST_0035,2022-08-08,Q3_2024_Compliance_Focus,Webinar,Opened,false,204,4639,126,1,true,true,0.05,0.4,231.95000000000002,1855.6000000000001
CUST_0290,2023-02-04,Q3_2024_Compliance_Focus,LinkedIn,Clicked,false,491,0,361,1,true,true,0.05,0.4,0.0,0.0
CUST_0130,2022-02-19,Q3_2024_Compliance_Focus,Phone,No Response,false,354,0,30,1,true,true,0.3,0.4,0.0,0.0
CUST_0109,2022-02-07,Q3_2024_Compliance_Focus,Phone,Clicked,false,184,0,313,1,true,true,0.05,0.4,0.0,0.0
CUST_0248,2022-10-02,Q3_2024_Compliance_Focus,Direct Mail,Clicked,false,263,0,41,1,true,true,0.15,0.4,0.0,0.0
CUST_0419,2022-04-22,Q3_2024_Compliance_Focus,Email,No Response,false,142,0,305,1,true,false,0.05,0.4,0.0,0.0
CUST_0038,2022-05-10,Q3_2024_Compliance_Focus,Direct Mail,Opened,true,465,0,50,1,true,false,0.15,0.4,0.0,0.0
CUST_0412,2023-02-16,Q3_2024_Compliance_Focus,Direct Mail,Registered,false,322,0,171,1,true,true,0.05,0.4,0.0,0.0
CUST_0204,2022-04-22,Q3_2024_Compliance_Focus,Direct Mail,No Response,true,292,0,198,1,true,true,0.05,0.4,0.0,0.0
CUST_0124,2022-10-18,Q3_2024_Compliance_Focus,Phone,Clicked,true,468,0,301,1,true,false,0.05,0.4,0.0,0.0
CUST_0294,2022-05-24,Q3_2024_Compliance_Focus,Direct Mail,Opened,true,87,0,126,1,true,true,0.05,0.4,0.0,0.0
CUST_0157,2022-02-19,Q3_2024_Compliance_Focus,Phone,Opened,false,310,0,208,1,true,true,0.05,0.4,0.0,0.0
CUST_0324,2023-06-29,Q3_2024_Compliance_Focus,Webinar,Clicked,false,387,0,74,1,true,true,0.15,0.4,0.0,0.0
CUST_0487,2022-05-02,Q3_2024_Compliance_Focus,Direct Mail,Opened,true,356,0,240,1,true,true,0.05,0.4,0.0,0.0
CUST_0309,2022-09-19,Q3_2024_Compliance_Focus,Phone,No Response,false,447,0,356,1,true,false,0.05,0.4,0.0,0.0
CUST_0006,2022-04-10,Q3_2024_Compliance_Focus,Direct Mail,Registered,true,91,0,255,1,true,false,0.05,0.4,0.0,0.0
CUST_0353,2022-10-13,Q3_2024_Compliance_Focus,Direct Mail,No Response,false,134,0,210,1,true,true,0.05,0.4,0.0,0.0
CUST_0057,2022-10-08,Q3_2024_Compliance_Focus,Phone,Opened,true,170,998,204,1,true,true,0.05,0.4,49.900000000000006,399.20000000000005
CUST_0005,2022-09-21,Q3_2024_Compliance_Focus,Email,Registered,false,419,0,298,1,true,false,0.05,0.4,0.0,0.0
CUST_0345,2023-01-24,Q3_2024_Compliance_Focus,LinkedIn,Clicked,false,289,0,227,1,true,true,0.05,0.4,0.0,0.0
CUST_0370,2023-10-13,Q3_2024_Compliance_Focus,Phone,Opened,false,328,1355,96,1,true,true,0.05,0.4,67.75,542.0
CUST_0100,2022-12-07,Q3_2024_Compliance_Focus,Direct Mail,Clicked,false,347,0,34,2,false,true,0.15,0.4,0.0,0.0
CUST_0077,2023-01-03,Q3_2024_Compliance_Focus,Direct Mail,Opened,true,126,0,80,2,false,true,0.15,0.4,0.0,0.0
CUST_0279,2022-06-30,Q3_2024_Compliance_Focus,Direct Mail,Clicked,false,353,0,99,2,false,true,0.05,0.4,0.0,0.0
CUST_0207,2023-04-08,Q3_2024_Compliance_Focus,Webinar,Opened,false,329,3235,3,2,false,true,0.5,0.4,1617.5,1294.0
CUST_0372,2023-08-19,Q3_2024_Compliance_Focus,Email,Clicked,false,428,3464,88,2,false,true,0.15,0.4,519.6,1385.6000000000001
CUST_0305,2023-06-29,Q3_2024_Compliance_Focus,Direct Mail,Clicked,true,441,3255,66,2,false,false,0.15,0.2,488.25,651.0
CUST_0266,2023-01-21,Q3_2024_Compliance_Focus,Direct Mail,Opened,true,117,0,231,3,false,true,0.05,0.4,0.0,0.0
CUST_0090,2023-07-06,Q3_2024_Compliance_Focus,Direct Mail,Opened,false,202,0,238,3,false,true,0.05,0.4,0.0,0.0
CUST_0037,2023-08-26,Q3_2024_Compliance_Focus,Direct Mail,No Response,false,475,0,73,3,false,true,0.15,0.4,0.0,0.0
CUST_0092,2023-11-26,Q3_2024_Compliance_Focus,Email,Opened,false,200,0,66,3,false,true,0.15,0.4,0.0,0.0
CUST_0166,2023-05-04,Q3_2024_Compliance_Focus,Direct Mail,Opened,false,400,0,222,4,false,true,0.05,0.4,0.0,0.0
CUST_0053,2022-01-10,Renewal_Campaign,Phone,Registered,false,214,0,32,1,true,true,0.15,0.4,0.0,0.0
CUST_0423,2022-05-07,Renewal_Campaign,Direct Mail,Opened,true,237,0,362,1,true,false,0.05,0.4,0.0,0.0
CUST_0255,2022-07-03,Renewal_Campaign,Webinar,No Response,false,89,0,262,1,true,true,0.05,0.4,0.0,0.0
CUST_0395,2022-06-14,Renewal_Campaign,Phone,Opened,false,305,0,241,1,true,true,0.05,0.4,0.0,0.0
CUST_0321,2022-04-19,Renewal_Campaign,Direct Mail,No Response,false,273,2742,360,1,true,true,0.05,0.4,137.1,1096.8
CUST_0226,2022-10-29,Renewal_Campaign,Email,Opened,false,346,0,157,1,true,false,0.05,0.4,0.0,0.0
CUST_0439,2022-02-26,Renewal_Campaign,LinkedIn,Opened,false,389,572,281,1,true,true,0.05,0.4,28.6,228.8
CUST_0356,2022-01-06,Renewal_Campaign,Direct Mail,Opened,true,353,0,38,1,true,true,0.15,0.4,0.0,0.0
CUST_0360,2022-04-30,Renewal_Campaign,Phone,Opened,false,353,0,153,1,true,true,0.05,0.4,0.0,0.0
CUST_0194,2023-01-12,Renewal_Campaign,Phone,Opened,false,438,0,152,1,true,true,0.05,0.4,0.0,0.0
CUST_0191,2022-07-15,Renewal_Campaign,Phone,Registered,true,164,0,42,1,true,true,0.15,0.4,0.0,0.0
CUST_0223,2022-04-07,Renewal_Campaign,LinkedIn,Opened,false,305,0,112,1,true,true,0.05,0.4,0.0,0.0
CUST_0441,2022-03-30,Renewal_Campaign,Direct Mail,Clicked,true,248,0,356,1,true,true,0.05,0.4,0.0,0.0
CUST_0153,2022-03-25,Renewal_Campaign,Webinar,Clicked,false,342,0,150,1,true,true,0.05,0.4,0.0,0.0
CUST_0212,2023-06-04,Renewal_Campaign,Webinar,Opened,false,66,3840,12,2,false,true,0.3,0.4,1152.0,1536.0
CUST_0385,2022-12-28,Renewal_Campaign,Email,Opened,false,420,0,219,2,false,true,0.05,0.4,0.0,0.0
CUST_0257,2022-11-12,Renewal_Campaign,Direct Mail,Opened,false,112,1587,315,2,false,true,0.05,0.4,79.350000000000009,634.80000000000007
CUST_0085,2022-12-21,Renewal_Campaign,LinkedIn,Opened,false,78,0,38,2,false,false,0.15,0.2,0.0,0.0
CUST_0062,2022-08-02,Renewal_Campaign,LinkedIn,Opened,true,346,0,220,2,false,true,0.05,0.4,0.0,0.0
CUST_0428,2023-01-08,Renewal_Campaign,Direct Mail,Clicked,false,477,3064,318,2,false,true,0.05,0.4,153.20000000000002,1225.6000000000001
CUST_0283,2023-04-18,Renewal_Campaign,Phone,Registered,false,68,0,196,2,false,true,0.05,0.4,0.0,0.0
CUST_0174,2022-12-15,Renewal_Campaign,Phone,Clicked,false,137,0,167,2,false,true,0.05,0.4,0.0,0.0
CUST_0309,2022-12-24,Renewal_Campaign,Email,Registered,false,162,0,260,2,false,true,0.05,0.4,0.0,0.0
CUST_0068,2022-08-07,Renewal_Campaign,Email,Registered,false,109,0,79,2,false,true,0.15,0.4,0.0,0.0
CUST_0485,2023-04-26,Renewal_Campaign,Email,No Response,true,85,0,186,2,false,true,0.05,0.4,0.0,0.0
CUST_0388,2022-11-05,Renewal_Campaign,LinkedIn,No Response,false,417,1389,270,2,false,true,0.05,0.4,69.45,555.6
CUST_0239,2022-09-23,Renewal_Campaign,Email,Clicked,false,132,0,7,3,false,true,0.5,0.4,0.0,0.0
CUST_0396,2023-02-11,Renewal_Campaign,Direct Mail,Opened,false,453,0,221,3,false,true,0.05,0.4,0.0,0.0
CUST_0124,2023-03-09,Renewal_Campaign,LinkedIn,Clicked,true,309,1646,159,3,false,true,0.05,0.4,82.300000000000011,658.40000000000009
CUST_0073,2022-09-03,Renewal_Campaign,Phone,Opened,false,97,0,216,3,false,true,0.05,0.4,0.0,0.0
CUST_0250,2023-01-28,Renewal_Campaign,LinkedIn,Clicked,false,279,0,132,3,false,true,0.05,0.4,0.0,0.0
CUST_0437,2022-09-05,Threat_Intelligence_Demo,Email,Clicked,true,371,0,22,1,true,true,0.3,0.4,0.0,0.0
CUST_0163,2022-06-06,Threat_Intelligence_Demo,Webinar,Clicked,false,240,0,364,1,true,false,0.05,0.4,0.0,0.0
CUST_0079,2022-01-24,Threat_Intelligence_Demo,LinkedIn,Registered,false,210,0,87,1,true,true,0.15,0.4,0.0,0.0
CUST_0462,2022-11-01,Threat_Intelligence_Demo,Direct Mail,No Response,false,64,0,275,1,true,true,0.05,0.4,0.0,0.0
CUST_0104,2023-01-17,Threat_Intelligence_Demo,Phone,Clicked,false,69,0,63,1,true,true,0.15,0.4,0.0,0.0
CUST_0121,2022-01-28,Threat_Intelligence_Demo,Email,Opened,false,233,0,142,1,true,true,0.05,0.4,0.0,0.0
CUST_0141,2023-08-17,Threat_Intelligence_Demo,Direct Mail,Opened,false,254,0,21,1,true,true,0.3,0.4,0.0,0.0
CUST_0426,2022-01-10,Threat_Intelligence_Demo,Webinar,Clicked,false,130,0,75,1,true,true,0.15,0.4,0.0,0.0
CUST_0289,2022-03-05,Threat_Intelligence_Demo,LinkedIn,No Response,false,384,0,256,1,true,true,0.05,0.4,0.0,0.0
CUST_0284,2022-05-26,Threat_Intelligence_Demo,Phone,Registered,true,496,656,198,1,true,true,0.05,0.4,32.800000000000004,262.40000000000003
CUST_0499,2022-09-08,Threat_Intelligence_Demo,Email,Opened,true,154,0,138,1,true,true,0.05,0.4,0.0,0.0
CUST_0463,2023-06-11,Threat_Intelligence_Demo,Phone,Clicked,false,341,0,86,1,true,true,0.15,0.4,0.0,0.0
CUST_0207,2023-01-09,Threat_Intelligence_Demo,Direct Mail,Clicked,true,189,0,92,1,true,false,0.05,0.4,0.0,0.0
CUST_0372,2022-11-16,Threat_Intelligence_Demo,LinkedIn,Clicked,false,194,0,364,1,true,false,0.05,0.4,0.0,0.0
CUST_0415,2022-10-14,Threat_Intelligence_Demo,Webinar,Clicked,false,185,0,227,1,true,true,0.05,0.4,0.0,0.0
CUST_0482,2022-10-03,Threat_Intelligence_Demo,Phone,Clicked,false,382,4113,7,1,true,true,0.5,0.4,2056.5,1645.2
CUST_0061,2022-08-19,Threat_Intelligence_Demo,Webinar,Opened,false,496,532,189,1,true,false,0.05,0.4,26.6,212.8
CUST_0498,2022-03-28,Threat_Intelligence_Demo,LinkedIn,No Response,false,484,0,26,1,true,true,0.3,0.4,0.0,0.0
CUST_0468,2022-11-23,Threat_Intelligence_Demo,Email,Clicked,false,318,0,351,1,true,true,0.05,0.4,0.0,0.0
CUST_0373,2022-03-05,Threat_Intelligence_Demo,Direct Mail,Clicked,false,182,0,290,1,true,false,0.05,0.4,0.0,0.0
CUST_0170,2022-02-11,Threat_Intelligence_Demo,Phone,Registered,false,413,0,120,1,true,true,0.05,0.4,0.0,0.0
CUST_0407,2022-06-17,Threat_Intelligence_Demo,LinkedIn,Clicked,false,188,0,142,1,true,true,0.05,0.4,0.0,0.0
CUST_0408,2022-10-27,Threat_Intelligence_Demo,Direct Mail,Opened,false,309,0,87,1,true,false,0.15,0.4,0.0,0.0
CUST_0325,2022-08-20,Threat_Intelligence_Demo,Direct Mail,Opened,true,165,0,6,2,false,true,0.5,0.4,0.0,0.0
CUST_0446,2023-04-18,Threat_Intelligence_Demo,Direct Mail,No Response,false,183,0,99,2,false,true,0.05,0.4,0.0,0.0
CUST_0394,2023-07-22,Threat_Intelligence_Demo,LinkedIn,Opened,false,240,0,181,2,false,true,0.05,0.4,0.0,0.0
CUST_0443,2022-07-30,Threat_Intelligence_Demo,Phone,Registered,false,307,0,248,2,false,false,0.05,0.2,0.0,0.0
CUST_0092,2023-09-03,Threat_Intelligence_Demo,Direct Mail,Opened,false,390,2503,150,2,false,false,0.05,0.2,125.15,500.6
CUST_0450,2022-04-08,Threat_Intelligence_Demo,Phone,Clicked,true,87,0,150,2,false,true,0.05,0.4,0.0,0.0
CUST_0365,2022-04-24,Threat_Intelligence_Demo,Direct Mail,Registered,false,285,0,237,2,false,true,0.05,0.4,0.0,0.0
CUST_0252,2023-04-30,Threat_Intelligence_Demo,Direct Mail,Clicked,false,462,0,274,3,false,true,0.05,0.4,0.0,0.0
CUST_0137,2022-08-24,Threat_Intelligence_Demo,Webinar,Clicked,false,493,0,214,3,false,false,0.05,0.1,0.0,0.0
CUST_0448,2023-08-02,Threat_Intelligence_Demo,Direct Mail,Registered,false,476,4027,146,3,false,true,0.05,0.4,201.35000000000002,1610.8000000000002
CUST_0351,2022-05-03,Upsell_Enterprise_Features,Phone,No Response,true,459,0,265,1,true,true,0.05,0.4,0.0,0.0
CUST_0433,2022-10-25,Upsell_Enterprise_Features,Phone,Clicked,false,63,0,254,1,true,true,0.05,0.4,0.0,0.0
CUST_0162,2023-01-04,Upsell_Enterprise_Features,LinkedIn,No Response,false,375,0,175,1,true,true,0.05,0.4,0.0,0.0
CUST_0361,2023-07-16,Upsell_Enterprise_Features,Webinar,Registered,false,123,0,47,1,true,true,0.15,0.4,0.0,0.0
CUST_0368,2022-03-28,Upsell_Enterprise_Features,Phone,Opened,false,142,0,326,1,true,false,0.05,0.4,0.0,0.0
CUST_0065,2023-06-30,Upsell_Enterprise_Features,Webinar,Opened,false,323,0,217,1,true,false,0.05,0.4,0.0,0.0
CUST_0107,2022-10-08,Upsell_Enterprise_Features,Phone,No Response,false,153,0,288,1,true,true,0.05,0.4,0.0,0.0
CUST_0431,2023-11-08,Upsell_Enterprise_Features,LinkedIn,Opened,false,138,0,29,1,true,true,0.3,0.4,0.0,0.0
CUST_0020,2022-02-08,Upsell_Enterprise_Features,Webinar,No Response,true,389,3954,114,1,true,true,0.05,0.4,197.70000000000002,1581.6000000000001
CUST_0174,2022-08-05,Upsell_Enterprise_Features,Webinar,Clicked,false,169,0,299,1,true,false,0.05,0.4,0.0,0.0
CUST_0148,2022-10-15,Upsell_Enterprise_Features,LinkedIn,Clicked,false,445,0,310,1,true,true,0.05,0.4,0.0,0.0
CUST_0275,2022-11-01,Upsell_Enterprise_Features,LinkedIn,Opened,true,395,0,310,1,true,true,0.05,0.4,0.0,0.0
CUST_0078,2022-08-27,Upsell_Enterprise_Features,Phone,Opened,false,482,0,69,1,true,true,0.15,0.4,0.0,0.0
CUST_0240,2023-05-15,Upsell_Enterprise_Features,Webinar,Clicked,true,351,0,93,1,true,true,0.05,0.4,0.0,0.0
CUST_0147,2023-10-27,Upsell_Enterprise_Features,Phone,Opened,false,323,0,53,1,true,true,0.15,0.4,0.0,0.0
CUST_0335,2022-09-24,Upsell_Enterprise_Features,LinkedIn,Opened,false,474,0,45,1,true,true,0.15,0.4,0.0,0.0
CUST_0115,2022-11-28,Upsell_Enterprise_Features,Webinar,No Response,false,93,0,320,1,true,true,0.05,0.4,0.0,0.0
CUST_0323,2022-04-11,Upsell_Enterprise_Features,Webinar,Opened,true,402,0,13,1,true,true,0.3,0.4,0.0,0.0
CUST_0253,2023-05-26,Upsell_Enterprise_Features,Direct Mail,Opened,false,123,0,130,2,false,true,0.05,0.4,0.0,0.0
CUST_0041,2022-08-11,Upsell_Enterprise_Features,Webinar,No Response,false,453,0,109,2,false,true,0.05,0.4,0.0,0.0
CUST_0373,2022-10-29,Upsell_Enterprise_Features,Direct Mail,Registered,false,325,0,52,2,false,false,0.15,0.2,0.0,0.0
CUST_0390,2022-05-26,Upsell_Enterprise_Features,Webinar,No Response,false,458,0,187,2,false,true,0.05,0.4,0.0,0.0
CUST_0183,2023-02-02,Upsell_Enterprise_Features,Direct Mail,No Response,false,292,0,296,2,false,false,0.05,0.2,0.0,0.0
CUST_0444,2022-09-02,Upsell_Enterprise_Features,Phone,Opened,false,223,527,104,2,false,false,0.05,0.2,26.35,105.4
CUST_0405,2022-09-01,Upsell_Enterprise_Features,Webinar,Clicked,false,370,3844,243,2,false,true,0.05,0.4,192.20000000000002,1537.6000000000001
CUST_0189,2023-04-05,Upsell_Enterprise_Features,Webinar,Clicked,false,494,0,33,2,false,true,0.15,0.4,0.0,0.0
CUST_0074,2022-05-09,Upsell_Enterprise_Features,Email,No Response,false,179,0,194,2,false,false,0.05,0.2,0.0,0.0
CUST_0061,2022-12-02,Upsell_Enterprise_Features,Phone,Registered,false,286,4792,84,2,false,false,0.15,0.2,718.8,958.40000000000009
CUST_0277,2023-10-04,Upsell_Enterprise_Features,Phone,Opened,true,429,2036,121,3,false,false,0.05,0.1,101.80000000000001,203.60000000000002
CUST_0410,2023-03-15,Upsell_Enterprise_Features,LinkedIn,Opened,false,353,0,323,3,false,true,0.05,0.4,0.0,0.0
CUST_0270,2022-09-30,Upsell_Enterprise_Features,Phone,Opened,false,130,0,206,4,false,true,0.05,0.4,0.0,0.0